C:\MyCode\GitBook\Omni-Wiki-Rejean-King-Klown
GitSink.bat
LogoK.svg
README_INTEGRATION.md
index.mdx
mint.json
strip_emoticons.py
Rejean
Rejean/en
Rejean/en/-SUMMARY.md
Rejean/en/-docs.json
Rejean/en/-index.md
Rejean/en/Rejean-McCormick-Hub.md
Rejean/en/Ame-Artificielle
Rejean/en/Ame-Artificielle/Ame-Vision-Hub.md
Rejean/en/Ame-Artificielle/Controle-Et-Personnalisation.md
Rejean/en/Ame-Artificielle/Creation-De-Chemins.md
Rejean/en/Ame-Artificielle/Ethique-Et-Gouvernance.md
Rejean/en/Ame-Artificielle/Meta-Cognition-Et-Resolution.md
Rejean/en/Ame-Artificielle/Specifications-Fonctionnelles.md
Rejean/en/Ariane
Rejean/en/Ariane/Ariane-Hub.md
Rejean/en/Ariane/Atlas
Rejean/en/Ariane/Atlas/Atlas-Core-Schema.md
Rejean/en/Ariane/Atlas/Atlas-Graph-Model.md
Rejean/en/Ariane/Atlas/Atlas-Ontology-Vocabulary.md
Rejean/en/Ariane/Atlas/Atlas.md
Rejean/en/Ariane/Concepts
Rejean/en/Ariane/Concepts/Background-UI-as-Data.md
Rejean/en/Ariane/Concepts/Glossary.md
Rejean/en/Ariane/Consumers
Rejean/en/Ariane/Consumers/Consumers-AI-Agent-Integration.md
Rejean/en/Ariane/Consumers/Consumers-Future-Overlay-Client.md
Rejean/en/Ariane/Consumers/Consumers.md
Rejean/en/Ariane/Consumers/Hybrid-Mapping-and-Human-Guided-Assistants.md
Rejean/en/Ariane/Theseus
Rejean/en/Ariane/Theseus/Theseus-Drivers.md
Rejean/en/Ariane/Theseus/Theseus-Exploration-Engine.md
Rejean/en/Ariane/Theseus/Theseus-State-Identification.md
Rejean/en/Ariane/Theseus/Theseus.md
Rejean/en/Konnaxion
Rejean/en/Konnaxion/Konnaxion-Hub.md
Rejean/en/Konnaxion/Ethikos
Rejean/en/Konnaxion/Ethikos/Konsultations.md
Rejean/en/Konnaxion/Ethikos/Korum.md
Rejean/en/Konnaxion/Kollective-Intelligence
Rejean/en/Konnaxion/Kollective-Intelligence/EkoH.md
Rejean/en/Konnaxion/Kollective-Intelligence/Smart-Vote.md
Rejean/en/Konnaxion/KonnectED
Rejean/en/Konnaxion/KonnectED/CertifiKation.md
Rejean/en/Konnaxion/KonnectED/Knowledge.md
Rejean/en/Konnaxion/Kreative
Rejean/en/Konnaxion/Kreative/Konservation.md
Rejean/en/Konnaxion/Kreative/Kontact.md
Rejean/en/Konnaxion/Technical
Rejean/en/Konnaxion/Technical/Konnaxion-Technical-Architecture-And-Services.md
Rejean/en/Konnaxion/keenKonnect
Rejean/en/Konnaxion/keenKonnect/Konstruct.md
Rejean/en/Konnaxion/keenKonnect/Stockage.md
Rejean/en/Orgo
Rejean/en/Orgo/Orgo-System-Hub.md
Rejean/en/SenTient
Rejean/en/SenTient/SenTient-Engine-Hub.md
Rejean/en/SwarmCraft
Rejean/en/SwarmCraft/SwarmCraft-Hub.md
Rejean/en/SwarmCraft/Core
Rejean/en/SwarmCraft/Core/Architecture-Overview.md
Rejean/en/SwarmCraft/Core/Central-Matrix-Runtime-State.md
Rejean/en/SwarmCraft/Core/Deterministic-Pipeline-Scan-Plan-Execute.md
Rejean/en/SwarmCraft/Meta
Rejean/en/SwarmCraft/Meta/Credits-And-Lineage.md
Rejean/en/SwarmCraft/Runtime
Rejean/en/SwarmCraft/Runtime/Dashboard-TUI-Reference.md
Rejean/en/SwarmCraft/Runtime/Multi-Project-Management.md
Rejean/en/SwarmCraft/Runtime/Orchestration-Slice-By-Slice-Prompt-Hydration.md
Rejean/en/SwarmCraft/Runtime/Provider-Adapter-Grok.md
Rejean/en/SwarmCraft/Runtime/RAG-Memory-System.md
Rejean/en/SwarmCraft/Scaffold
Rejean/en/SwarmCraft/Scaffold/Outline-Grid-CSV-Round-Trip.md
Rejean/en/SwarmCraft/Scaffold/Schema-Outline.md
Rejean/en/SwarmCraft/Scaffold/Schema-Templates.md
Rejean/en/SwarmCraft/Scaffold/Story-Bible-Creative-Intent.md
Rejean/en/SwarmCraft/Scaffold/Story-Scaffold-Templates-Outline-Parts.md
Rejean/en/abstract-wiki-architect
Rejean/en/abstract-wiki-architect/Wiki-Architect-Hub.md
Rejean/en/tools
Rejean/en/tools/Dev-Workflow-Hub.md
Rejean/fr
en
en/index.md
en/parcours.md
en/anatomie
en/anatomie/index.md
en/anatomie/ame
en/anatomie/ame/ame-artificielle.md
en/anatomie/ame/chakras-1-9.md
en/anatomie/corps
en/anatomie/corps/orgo.md
en/anatomie/esprit
en/anatomie/esprit/konnaxion
en/anatomie/esprit/konnaxion/ethikos.md
en/anatomie/esprit/konnaxion/index.md
en/anatomie/esprit/konnaxion/keen-konnect.md
en/anatomie/esprit/konnaxion/kollective.md
en/anatomie/esprit/konnaxion/konnected.md
en/anatomie/esprit/konnaxion/kreative.md
en/anatomie/esprit/konnaxion/ethikos
en/anatomie/esprit/konnaxion/ethikos/konsultations.md
en/anatomie/esprit/konnaxion/ethikos/korum.md
en/anatomie/esprit/konnaxion/keen-konnect
en/anatomie/esprit/konnaxion/keen-konnect/konstruct.md
en/anatomie/esprit/konnaxion/keen-konnect/stockage.md
en/anatomie/esprit/konnaxion/kollective
en/anatomie/esprit/konnaxion/kollective/ekoh.md
en/anatomie/esprit/konnaxion/kollective/smart-vote.md
en/anatomie/esprit/konnaxion/konnected
en/anatomie/esprit/konnaxion/konnected/certifikation.md
en/anatomie/esprit/konnaxion/konnected/knowledge.md
en/anatomie/esprit/konnaxion/kreative
en/anatomie/esprit/konnaxion/kreative/konservation.md
en/anatomie/esprit/konnaxion/kreative/kontact.md
en/anatomie/memoire
en/anatomie/memoire/swarmcraft.md
en/anatomie/sens
en/anatomie/sens/ariane.md
en/anatomie/sens/sentient.md
en/anatomie/voix
en/anatomie/voix/architect.md
en/initiation
en/initiation/carte.md
en/initiation/index.md
en/initiation/le-je.md
en/mythos
en/mythos/dualites.md
en/mythos/index.md
en/mythos/king-klown.md
en/mythos/promethee.md
en/mythos/serments.md
en/reperes
en/reperes/faq.md
en/reperes/glossaire.md
en/reperes/pont-technique.md
en/rituels
en/rituels/cycle-vital.md
en/rituels/parlement-interieur.md
en/rituels/respiration-du-sens.md
en/rituels/une-journee.md
fr
fr/index.md
fr/parcours.md
fr/anatomie
fr/anatomie/index.md
fr/anatomie/ame
fr/anatomie/ame/ame-artificielle.md
fr/anatomie/ame/chakras-1-9.md
fr/anatomie/corps
fr/anatomie/corps/orgo.md
fr/anatomie/esprit
fr/anatomie/esprit/konnaxion
fr/anatomie/esprit/konnaxion/ethikos.md
fr/anatomie/esprit/konnaxion/index.md
fr/anatomie/esprit/konnaxion/keen-konnect.md
fr/anatomie/esprit/konnaxion/kollective.md
fr/anatomie/esprit/konnaxion/konnected.md
fr/anatomie/esprit/konnaxion/kreative.md
fr/anatomie/esprit/konnaxion/ethikos
fr/anatomie/esprit/konnaxion/ethikos/konsultations.md
fr/anatomie/esprit/konnaxion/ethikos/korum.md
fr/anatomie/esprit/konnaxion/keen-konnect
fr/anatomie/esprit/konnaxion/keen-konnect/konstruct.md
fr/anatomie/esprit/konnaxion/keen-konnect/stockage.md
fr/anatomie/esprit/konnaxion/kollective
fr/anatomie/esprit/konnaxion/kollective/ekoh.md
fr/anatomie/esprit/konnaxion/kollective/smart-vote.md
fr/anatomie/esprit/konnaxion/konnected
fr/anatomie/esprit/konnaxion/konnected/certifikation.md
fr/anatomie/esprit/konnaxion/konnected/knowledge.md
fr/anatomie/esprit/konnaxion/kreative
fr/anatomie/esprit/konnaxion/kreative/konservation.md
fr/anatomie/esprit/konnaxion/kreative/kontact.md
fr/anatomie/memoire
fr/anatomie/memoire/swarmcraft.md
fr/anatomie/sens
fr/anatomie/sens/ariane.md
fr/anatomie/sens/sentient.md
fr/anatomie/voix
fr/anatomie/voix/architect.md
fr/initiation
fr/initiation/carte.md
fr/initiation/index.md
fr/initiation/le-je.md
fr/mythos
fr/mythos/dualites.md
fr/mythos/index.md
fr/mythos/king-klown.md
fr/mythos/promethee.md
fr/mythos/serments.md
fr/reperes
fr/reperes/faq.md
fr/reperes/glossaire.md
fr/reperes/pont-technique.md
fr/rituels
fr/rituels/cycle-vital.md
fr/rituels/parlement-interieur.md
fr/rituels/respiration-du-sens.md
fr/rituels/une-journee.md
